"","abbreviation","name","equation","reversible","compartment","lowbnd","uppbnd","obj_coef","rule","subsystem"
"111","ACONTm","Aconitate hydratase","[m] : cit <==> icit","Reversible","m",-1000,1000,0,"50.1","Citric acid cycle"
"175","AKGDm","2-oxoglutarate dehydrogenase","[m] : akg + coa + nad --> co2 + nadh + succoa","Irreversible","m",0,1000,0,"(4967.2) and (1738.1 and 8050.1) and (1743.1) or (4967.1) and (1738.1 and 8050.1) and (1743.1)","Citric acid cycle"
"343","CSm","citrate synthase","[m] : accoa + h2o + oaa --> cit + coa + h","Irreversible","m",0,1000,0,"(1431.1) or (1431.2)","Citric acid cycle"
"454","DM_atp_c_","DM atp(c)","[c] : atp + h2o --> adp + h + pi","Irreversible","c",0,1000,0,"","Exchange/demand reaction"
"543","ENO","enolase","[c] : 2pg <==> h2o + pep","Reversible","c",-1000,1000,0,"(2023.1) or (2027.2) or (2027.1) or (2026.1)","Glycolysis/gluconeogenesis"
"657","FBA","fructose-bisphosphate aldolase","[c] : fdp <==> dhap + g3p","Reversible","c",-1000,1000,0,"(226.2) or (226.1) or (226.3) or (230.1) or (229.1)","Glycolysis/gluconeogenesis"
"702","FUMm","fumarase, mitochondrial","[m] : fum + h2o <==> mal_L","Reversible","m",-1000,1000,0,"2271.1","Citric acid cycle"
"775","GAPD","glyceraldehyde-3-phosphate dehydrogenase","[c] : g3p + nad + pi <==> 13dpg + h + nadh","Reversible","c",-1000,1000,0,"(2597.1) or (26330.1)","Glycolysis/gluconeogenesis"
"916","HEX1","hexokinase (D-glucose:ATP)","[c] : atp + glc_D --> adp + g6p + h","Irreversible","c",0,1000,0,"(3098.3) or (80201.1) or (2645.3) or (3098.4) or (3099.1) or (2645.2) or (3098.5) or (2645.1) or (3098.1) or (3101.1) or (3098.2)","Glycolysis/gluconeogenesis"
"969","ICDHxm","Isocitrate dehydrogenase (NAD+)","[m] : icit + nad --> akg + co2 + nadh","Irreversible","m",0,1000,0,"(3421.2 and 3420.3 and 3419.1) or (3420.1 and 3421.1 and 3419.1) or (3420.1 and 3421.1 and 3419.1) or (3420.3 and 3421.1 and 3419.1) or (3421.1 and 3419.1 and 3420.2) or (3421.2 and 3419.1 and 3420.2)","Citric acid cycle"
"1015","LDH_L","L-lactate dehydrogenase","[c] : lac_L + nad <==> h + nadh + pyr","Reversible","c",-1000,1000,0,"(3945.1 and 3939.1) or (160287.1) or (3948.2) or (3939.1) or (3948.1) or (55293.1) or (3945.1) or (92483.1)","Glycolysis/gluconeogenesis"
"1081","MDHm","malate dehydrogenase, mitochondrial","[m] : mal_L + nad <==> h + nadh + oaa","Reversible","m",-1000,1000,0,"4191.1","Citric acid cycle"
"1234","NDPK1m","nucleoside-diphosphate kinase (ATP:GDP), mitochondrial","[m] : atp + gdp <==> adp + gtp","Reversible","m",-1000,1000,0,"4833.1","Nucleotide interconversion"
"1388","PDHm","pyruvate dehydrogenase","[m] : coa + nad + pyr --> accoa + co2 + nadh","Irreversible","m",0,1000,0,"(1738.1 and 8050.1) and (5161.1 and 5162.1) and (1737.1) or (1738.1 and 8050.1) and (5160.1 and 5162.1) and (1737.1)","Glycolysis/gluconeogenesis"
"1397","PFK","phosphofructokinase","[c] : atp + f6p --> adp + fdp + h","Irreversible","c",0,1000,0,"(5214.1) or (5211.2) or (5214.1 and 5211.1) or (5214.1 and 5213.1) or (5213.1) or (5214.1 and 5211.2) or (5211.1) or (5211.1 and 5213.1) or (5213.1 and 5211.2)","Glycolysis/gluconeogenesis"
"1403","PGI","glucose-6-phosphate isomerase","[c] : g6p <==> f6p","Reversible","c",-1000,1000,0,"2821.1","Glycolysis/gluconeogenesis"
"1405","PGK","phosphoglycerate kinase","[c] : 3pg + atp <==> 13dpg + adp","Reversible","c",-1000,1000,0,"(5230.1) or (375056.1) or (5232.1)","Glycolysis/gluconeogenesis"
"1409","PGM","phosphoglycerate mutase","[c] : 2pg <==> 3pg","Reversible","c",-1000,1000,0,"(669.1) or (5223.1) or (5224.2) or (5224.1) or (669.2)","Glycolysis/gluconeogenesis"
"1489","PYK","pyruvate kinase","[c] : adp + h + pep --> atp + pyr","Irreversible","c",0,1000,0,"(5315.2) or (5313.2) or (5315.3) or (5313.1) or (113452.1) or (5315.1)","Glycolysis/gluconeogenesis"
"1667","SUCD1m","succinate dehydrogenase","[m] : fad + succ <==> fadh2 + fum","Reversible","m",-1000,1000,0,"(6389.1 and 6392.1 and 6391.1 and 6390.1)","Citric acid cycle"
"1668","SUCOAS1m","Succinate--CoA ligase (GDP-forming)","[m] : coa + gtp + succ <==> gdp + pi + succoa","Reversible","m",-1000,1000,0,"(8802.1 and 8801.1)","Citric acid cycle"
"1705","TPI","triose-phosphate isomerase","[c] : dhap <==> g3p","Reversible","c",-1000,1000,0,"(7167.1) or (286016.1)","Glycolysis/gluconeogenesis"
"3784","FADH2ETC","Complex II reaction for respiratory chain","[m] : fadh2 + q10 --> fad + q10h2","Irreversible","m",0,1000,0,"","Oxidative phosphorylation"
"61232","ATPS4m","ATP synthase (four protons for one ATP)","adp[m] + (4) h[c] + pi[m] --> atp[m] + h2o[m] + (3) h[m]","Irreversible","m, c",0,1000,0,"513.1 and 498.2 and 506.1 and 509.2 and 514.1 or 498.2 and 513.2 and 514.2 and 506.1 and 509.2 or 513.1 and 509.1 and 498.1 and 514.2 and 506.1 or 498.2 and 513.2 and 506.1 and 509.2 and 514.1 or 513.2 and 498.1 and 514.2 and 506.1 and 509.2 or 513.1 and 498.1 and 506.1 and 509.2 and 514.1 or 513.1 and 498.2 and 514.2 and 506.1 and 509.2 or 513.1 and 498.2 and 509.1 and 506.1 and 514.1 or 498.2 and 509.1 and 513.2 and 506.1 and 514.1 or 513.2 and 498.1 and 506.1 and 509.2 and 514.1 or 513.2 and 514.2 and 506.1 and 509.2 and 498.3 or 513.2 and 506.1 and 509.2 and 498.3 and 514.1 or 513.1 and 509.1 and 506.1 and 498.3 and 514.1 or 509.1 and 513.2 and 514.2 and 506.1 and 498.3 or 513.1 and 498.2 and 509.1 and 514.2 and 506.1 or 513.1 and 498.1 and 514.2 and 506.1 and 509.2 or 513.1 and 509.1 and 498.1 and 506.1 and 514.1 or 513.1 and 506.1 and 509.2 and 498.3 and 514.1 or 509.1 and 513.2 and 506.1 and 498.3 and 514.1 or 513.1 and 514.2 and 506.1 and 509.2 and 498.3 or 509.1 and 513.2 and 498.1 and 506.1 and 514.1 or 513.1 and 509.1 and 514.2 and 506.1 and 498.3 or 498.2 and 509.1 and 513.2 and 514.2 and 506.1 or 509.1 and 513.2 and 498.1 and 514.2 and 506.1) and (10632.1 and 4905.1 and 10476.1 and 9551.3 and 522.5 and 516.2 and 521.1 and 515.1 or 518.3 and 4905.1 and 515.2 and 10476.2 and 521.1 and 10632.1 and 9551.3 and 522.3 or 4905.1 and 515.2 and 10476.2 and 521.1 and 10632.1 and 517.2 and 9551.2 and 522.3 or 10632.1 and 4905.1 and 10476.1 and 522.5 and 9551.2 and 518.2 and 521.1 and 515.1 or 4905.1 and 515.2 and 10476.2 and 516.2 and 521.1 and 10632.1 and 9551.3 and 522.5 or 518.3 and 4905.1 and 9551.1 and 515.2 and 10476.2 and 521.1 and 10632.1 and 522.4 or 10632.1 and 4905.1 and 10476.1 and 9551.1 and 522.2 and 515.2 and 518.2 and 521.1 or 518.3 and 10632.1 and 4905.1 and 10476.1 and 515.3 and 9551.2 and 522.4 and 521.1 or 10632.1 and 4905.1 and 10476.1 and 515.3 and 522.2 and 9551.3 and 518.2 and 521.1 or 4905.1 and 9551.1 and 10476.2 and 522.1 and 516.2 and 521.1 and 515.1 and 10632.1 or 10632.1 and 517.1 and 4905.1 and 10476.1 and 522.1 and 9551.2 and 521.1 and 515.1 or 10632.1 and 4905.1 and 10476.1 and 9551.3 and 515.2 and 522.5 and 518.2 and 521.1 or 10632.1 and 4905.1 and 516.1 and 9551.1 and 515.2 and 10476.2 and 522.3 and 521.1 or 10632.1 and 4905.1 and 10476.1 and 9551.1 and 518.2 and 522.4 and 521.1 and 515.1 or 4905.1 and 10476.2 and 521.1 and 515.1 and 10632.1 and 9551.3 and 522.5 and 518.2 or 4905.1 and 9551.1 and 515.2 and 10476.2 and 516.2 and 521.1 and 10632.1 and 522.3 or 10632.1 and 4905.1 and 516.1 and 10476.1 and 9551.1 and 522.3 and 521.1 and 515.1 or 4905.1 and 10476.2 and 521.1 and 515.1 and 10632.1 and 522.5 and 518.2 and 9551.2 or 4905.1 and 9551.1 and 10476.2 and 521.1 and 515.1 and 10632.1 and 518.2 and 522.3 or 10632.1 and 517.1 and 4905.1 and 10476.1 and 9551.3 and 515.2 and 522.4 and 521.1 or 4905.1 and 10476.2 and 522.1 and 521.1 and 515.1 and 10632.1 and 518.2 and 9551.2 or 4905.1 and 522.2 and 515.2 and 10476.2 and 521.1 and 10632.1 and 517.2 and 9551.2 or 10632.1 and 517.1 and 4905.1 and 10476.1 and 9551.1 and 522.4 and 521.1 and 515.1 or 518.3 and 4905.1 and 515.3 and 10476.2 and 521.1 and 10632.1 and 9551.3 and 522.4 or 10632.1 and 4905.1 and 10476.1 and 515.3 and 522.1 and 9551.2 and 518.2 and 521.1 or 4905.1 and 9551.1 and 515.2 and 10476.2 and 521.1 and 10632.1 and 517.2 and 522.5 or 4905.1 and 10476.2 and 516.2 and 521.1 and 515.1 and 10632.1 and 9551.3 and 522.3 or 518.3 and 10632.1 and 4905.1 and 10476.1 and 9551.1 and 515.3 and 522.1 and 521.1 or 10632.1 and 4905.1 and 516.1 and 9551.3 and 10476.2 and 522.1 and 521.1 and 515.1 or 4905.1 and 515.3 and 522.2 and 10476.2 and 516.2 and 521.1 and 10632.1 and 9551.3 or 4905.1 and 9551.1 and 515.2 and 10476.2 and 521.1 and 518.1 and 10632.1 and 522.4 or 10632.1 and 517.1 and 4905.1 and 10476.1 and 9551.1 and 515.2 and 522.5 and 521.1 or 10632.1 and 4905.1 and 516.1 and 515.3 and 10476.2 and 9551.2 and 522.4 and 521.1 or 10632.1 and 4905.1 and 10476.1 and 517.2 and 515.2 and 522.1 and 9551.2 and 521.1 or 10632.1 and 4905.1 and 516.1 and 10476.1 and 9551.3 and 522.3 and 521.1 and 515.1 or 4905.1 and 10476.2 and 521.1 and 518.1 and 515.1 and 10632.1 and 9551.3 and 522.3 or 517.1 and 4905.1 and 9551.1 and 515.2 and 10476.2 and 521.1 and 10632.1 and 522.3 or 4905.1 and 9551.1 and 515.3 and 10476.2 and 521.1 and 10632.1 and 518.2 and 522.3 or 518.3 and 10632.1 and 4905.1 and 10476.1 and 9551.1 and 522.2 and 515.2 and 521.1 or 4905.1 and 515.3 and 10476.2 and 522.1 and 521.1 and 10632.1 and 518.2 and 9551.2 or 10632.1 and 4905.1 and 10476.1 and 522.2 and 515.2 and 9551.2 and 518.2 and 521.1 or 4905.1 and 515.3 and 522.2 and 10476.2 and 521.1 and 518.1 and 10632.1 and 9551.2 or 4905.1 and 515.2 and 10476.2 and 521.1 and 518.1 and 10632.1 and 9551.2 and 522.3 or 4905.1 and 522.2 and 10476.2 and 516.2 and 521.1 and 515.1 and 10632.1 and 9551.3 or 10632.1 and 4905.1 and 516.1 and 10476.1 and 515.3 and 522.5 and 9551.2 and 521.1 or 10632.1 and 4905.1 and 10476.1 and 515.3 and 522.2 and 9551.3 and 516.2 and 521.1 or 518.3 and 4905.1 and 515.2 and 10476.2 and 521.1 and 10632.1 and 9551.3 and 522.5 or 10632.1 and 4905.1 and 10476.1 and 9551.1 and 522.4 and 516.2 and 521.1 and 515.1 or 10632.1 and 4905.1 and 516.1 and 10476.1 and 9551.1 and 522.2 and 515.2 and 521.1 or 10632.1 and 4905.1 and 10476.1 and 9551.3 and 522.5 and 521.1 and 518.1 and 515.1 or 10632.1 and 517.1 and 4905.1 and 10476.1 and 515.3 and 522.2 and 9551.2 and 521.1 or 10632.1 and 517.1 and 4905.1 and 10476.1 and 522.2 and 9551.3 and 515.2 and 521.1 or 10632.1 and 4905.1 and 516.1 and 522.2 and 515.2 and 10476.2 and 9551.2 and 521.1 or 10632.1 and 4905.1 and 516.1 and 10476.1 and 515.3 and 522.1 and 9551.2 and 521.1 or 10632.1 and 4905.1 and 10476.1 and 9551.1 and 517.2 and 515.2 and 522.5 and 521.1 or 4905.1 and 515.3 and 10476.2 and 521.1 and 10632.1 and 9551.3 and 522.4 and 518.2 or 10632.1 and 4905.1 and 516.1 and 9551.1 and 515.3 and 10476.2 and 522.1 and 521.1 or 10632.1 and 4905.1 and 10476.1 and 515.2 and 522.5 and 9551.2 and 521.1 and 518.1 or 10632.1 and 4905.1 and 10476.1 and 9551.1 and 522.2 and 515.2 and 516.2 and 521.1 or 4905.1 and 515.3 and 10476.2 and 522.1 and 521.1 and 10632.1 and 517.2 and 9551.3 or 518.3 and 4905.1 and 515.2 and 10476.2 and 521.1 and 10632.1 and 522.5 and 9551.2 or 4905.1 and 10476.2 and 521.1 and 515.1 and 10632.1 and 517.2 and 9551.2 and 522.3 or 10632.1 and 517.1 and 4905.1 and 10476.1 and 9551.1 and 515.3 and 522.5 and 521.1 or 517.1 and 4905.1 and 9551.1 and 10476.2 and 521.1 and 515.1 and 10632.1 and 522.5 or 10632.1 and 4905.1 and 10476.1 and 9551.3 and 517.2 and 515.2 and 522.4 and 521.1 or 10632.1 and 4905.1 and 10476.1 and 515.3 and 9551.3 and 522.1 and 516.2 and 521.1 or 518.3 and 10632.1 and 4905.1 and 10476.1 and 515.3 and 9551.3 and 522.5 and 521.1 or 4905.1 and 522.2 and 515.2 and 10476.2 and 521.1 and 10632.1 and 9551.3 and 518.2 or 518.3 and 4905.1 and 10476.2 and 521.1 and 515.1 and 10632.1 and 9551.2 and 522.3 or 517.1 and 4905.1 and 515.2 and 10476.2 and 521.1 and 10632.1 and 522.4 and 9551.2 or 10632.1 and 4905.1 and 10476.1 and 9551.1 and 515.3 and 522.1 and 516.2 and 521.1 or 4905.1 and 10476.2 and 516.2 and 521.1 and 515.1 and 10632.1 and 522.5 and 9551.2 or 518.3 and 4905.1 and 9551.1 and 515.3 and 10476.2 and 521.1 and 10632.1 and 522.3 or 517.1 and 4905.1 and 515.2 and 10476.2 and 521.1 and 10632.1 and 9551.3 and 522.4 or 4905.1 and 515.2 and 10476.2 and 521.1 and 10632.1 and 9551.3 and 522.4 and 518.2 or 10632.1 and 4905.1 and 10476.1 and 9551.1 and 515.2 and 522.4 and 521.1 and 518.1 or 518.3 and 4905.1 and 522.2 and 10476.2 and 521.1 and 515.1 and 10632.1 and 9551.2 or 10632.1 and 4905.1 and 10476.1 and 515.3 and 9551.3 and 522.4 and 516.2 and 521.1 or 10632.1 and 4905.1 and 10476.1 and 522.2 and 9551.3 and 517.2 and 515.2 and 521.1 or 10632.1 and 4905.1 and 516.1 and 10476.1 and 9551.2 and 522.4 and 521.1 and 515.1 or 4905.1 and 515.3 and 10476.2 and 521.1 and 10632.1 and 517.2 and 9551.3 and 522.4 or 4905.1 and 9551.1 and 522.2 and 515.2 and 10476.2 and 516.2 and 521.1 and 10632.1 or 4905.1 and 522.2 and 10476.2 and 521.1 and 515.1 and 10632.1 and 9551.3 and 518.2 or 518.3 and 4905.1 and 9551.1 and 515.2 and 10476.2 and 521.1 and 10632.1 and 522.5 or 10632.1 and 517.1 and 4905.1 and 10476.1 and 522.2 and 9551.3 and 521.1 and 515.1 or 4905.1 and 9551.1 and 10476.2 and 521.1 and 515.1 and 10632.1 and 522.5 and 518.2 or 10632.1 and 4905.1 and 10476.1 and 9551.1 and 515.3 and 522.5 and 518.2 and 521.1 or 10632.1 and 4905.1 and 10476.1 and 9551.1 and 515.2 and 522.4 and 516.2 and 521.1 or 10632.1 and 517.1 and 4905.1 and 10476.1 and 515.3 and 9551.3 and 522.5 and 521.1 or 518.3 and 10632.1 and 4905.1 and 10476.1 and 9551.1 and 515.3 and 522.2 and 521.1 or 10632.1 and 4905.1 and 10476.1 and 522.2 and 9551.2 and 521.1 and 518.1 and 515.1 or 517.1 and 4905.1 and 10476.2 and 522.1 and 521.1 and 515.1 and 10632.1 and 9551.2 or 517.1 and 4905.1 and 9551.1 and 515.3 and 522.2 and 10476.2 and 521.1 and 10632.1 or 518.3 and 4905.1 and 10476.2 and 521.1 and 515.1 and 10632.1 and 522.5 and 9551.2 or 4905.1 and 522.2 and 515.2 and 10476.2 and 521.1 and 518.1 and 10632.1 and 9551.2 or 4905.1 and 522.2 and 10476.2 and 521.1 and 518.1 and 515.1 and 10632.1 and 9551.3 or 10632.1 and 4905.1 and 10476.1 and 9551.3 and 518.2 and 522.4 and 521.1 and 515.1 or 10632.1 and 4905.1 and 516.1 and 522.2 and 10476.2 and 9551.2 and 521.1 and 515.1 or 10632.1 and 4905.1 and 10476.1 and 515.3 and 9551.2 and 516.2 and 522.3 and 521.1 or 10632.1 and 4905.1 and 10476.1 and 522.2 and 9551.3 and 521.1 and 518.1 and 515.1 or 518.3 and 10632.1 and 4905.1 and 10476.1 and 9551.3 and 515.2 and 522.4 and 521.1 or 10632.1 and 4905.1 and 516.1 and 515.3 and 10476.2 and 9551.2 and 522.3 and 521.1 or 10632.1 and 4905.1 and 10476.1 and 9551.3 and 515.2 and 516.2 and 522.3 and 521.1 or 4905.1 and 9551.1 and 10476.2 and 521.1 and 515.1 and 10632.1 and 522.4 and 518.2 or 4905.1 and 515.3 and 10476.2 and 521.1 and 10632.1 and 518.2 and 9551.2 and 522.3 or 10632.1 and 517.1 and 4905.1 and 10476.1 and 9551.1 and 522.5 and 521.1 and 515.1 or 10632.1 and 4905.1 and 10476.1 and 515.3 and 522.1 and 9551.2 and 521.1 and 518.1 or 518.3 and 4905.1 and 9551.1 and 522.2 and 10476.2 and 521.1 and 515.1 and 10632.1 or 4905.1 and 515.3 and 522.2 and 10476.2 and 521.1 and 10632.1 and 518.2 and 9551.2 or 10632.1 and 4905.1 and 10476.1 and 9551.1 and 522.5 and 518.2 and 521.1 and 515.1 or 518.3 and 10632.1 and 4905.1 and 10476.1 and 515.2 and 9551.2 and 522.3 and 521.1 or 10632.1 and 4905.1 and 516.1 and 10476.2 and 522.1 and 9551.2 and 521.1 and 515.1 or 4905.1 and 9551.1 and 515.2 and 10476.2 and 521.1 and 10632.1 and 518.2 and 522.3 or 10632.1 and 4905.1 and 10476.1 and 515.2 and 9551.2 and 518.2 and 522.3 and 521.1 or 10632.1 and 4905.1 and 10476.1 and 9551.3 and 522.1 and 518.2 and 521.1 and 515.1 or 10632.1 and 4905.1 and 516.1 and 522.2 and 9551.3 and 10476.2 and 521.1 and 515.1 or 517.1 and 4905.1 and 515.2 and 10476.2 and 521.1 and 10632.1 and 9551.2 and 522.3 or 10632.1 and 517.1 and 4905.1 and 10476.1 and 9551.3 and 515.2 and 522.5 and 521.1 or 4905.1 and 515.2 and 10476.2 and 521.1 and 10632.1 and 517.2 and 9551.3 and 522.5 or 4905.1 and 515.2 and 10476.2 and 521.1 and 518.1 and 10632.1 and 522.5 and 9551.2 or 10632.1 and 4905.1 and 10476.1 and 9551.3 and 522.4 and 516.2 and 521.1 and 515.1 or 10632.1 and 4905.1 and 10476.1 and 9551.3 and 522.4 and 521.1 and 518.1 and 515.1 or 10632.1 and 4905.1 and 10476.1 and 9551.1 and 517.2 and 515.2 and 522.3 and 521.1 or 4905.1 and 515.3 and 10476.2 and 521.1 and 518.1 and 10632.1 and 9551.2 and 522.3 or 10632.1 and 4905.1 and 10476.1 and 515.2 and 522.1 and 9551.2 and 521.1 and 518.1 or 10632.1 and 4905.1 and 516.1 and 10476.1 and 9551.3 and 515.2 and 522.4 and 521.1 or 10632.1 and 4905.1 and 10476.1 and 9551.1 and 522.2 and 521.1 and 518.1 and 515.1 or 10632.1 and 4905.1 and 10476.1 and 9551.1 and 515.3 and 517.2 and 522.1 and 521.1 or 4905.1 and 10476.2 and 516.2 and 521.1 and 515.1 and 10632.1 and 9551.3 and 522.4 or 10632.1 and 517.1 and 4905.1 and 10476.1 and 515.3 and 9551.2 and 522.3 and 521.1 or 518.3 and 4905.1 and 515.3 and 10476.2 and 522.1 and 521.1 and 10632.1 and 9551.2 or 4905.1 and 9551.1 and 515.3 and 10476.2 and 521.1 and 518.1 and 10632.1 and 522.5 or 4905.1 and 10476.2 and 516.2 and 521.1 and 515.1 and 10632.1 and 9551.2 and 522.3 or 4905.1 and 9551.1 and 515.3 and 10476.2 and 516.2 and 521.1 and 10632.1 and 522.4 or 10632.1 and 4905.1 and 516.1 and 10476.1 and 9551.3 and 515.2 and 522.3 and 521.1 or 10632.1 and 4905.1 and 516.1 and 10476.1 and 515.3 and 522.2 and 9551.2 and 521.1 or 518.3 and 4905.1 and 9551.1 and 522.2 and 515.2 and 10476.2 and 521.1 and 10632.1 or 10632.1 and 4905.1 and 10476.1 and 9551.3 and 522.3 and 521.1 and 518.1 and 515.1 or 10632.1 and 4905.1 and 516.1 and 10476.1 and 515.3 and 9551.3 and 522.5 and 521.1 or 10632.1 and 4905.1 and 10476.1 and 515.3 and 9551.2 and 522.4 and 516.2 and 521.1 or 518.3 and 10632.1 and 4905.1 and 10476.1 and 9551.1 and 515.2 and 522.1 and 521.1 or 10632.1 and 4905.1 and 10476.1 and 515.3 and 9551.3 and 522.1 and 521.1 and 518.1 or 4905.1 and 515.3 and 522.2 and 10476.2 and 521.1 and 10632.1 and 517.2 and 9551.3 or 518.3 and 4905.1 and 515.2 and 10476.2 and 522.1 and 521.1 and 10632.1 and 9551.2 or 517.1 and 4905.1 and 9551.1 and 522.2 and 515.2 and 10476.2 and 521.1 and 10632.1 or 10632.1 and 517.1 and 4905.1 and 10476.1 and 522.2 and 9551.2 and 521.1 and 515.1 or 4905.1 and 9551.1 and 515.3 and 10476.2 and 521.1 and 518.1 and 10632.1 and 522.4 or 10632.1 and 4905.1 and 10476.1 and 515.3 and 9551.3 and 522.5 and 516.2 and 521.1 or 517.1 and 4905.1 and 515.3 and 10476.2 and 521.1 and 10632.1 and 522.5 and 9551.2 or 10632.1 and 4905.1 and 10476.1 and 9551.1 and 515.2 and 522.1 and 516.2 and 521.1 or 10632.1 and 4905.1 and 516.1 and 10476.1 and 9551.1 and 515.2 and 522.3 and 521.1 or 10632.1 and 4905.1 and 10476.1 and 9551.1 and 517.2 and 522.1 and 521.1 and 515.1 or 518.3 and 4905.1 and 515.3 and 10476.2 and 521.1 and 10632.1 and 522.4 and 9551.2 or 10632.1 and 4905.1 and 10476.1 and 9551.1 and 517.2 and 522.3 and 521.1 and 515.1 or 4905.1 and 515.2 and 10476.2 and 516.2 and 521.1 and 10632.1 and 9551.3 and 522.4 or 10632.1 and 4905.1 and 10476.1 and 9551.1 and 515.2 and 522.3 and 521.1 and 518.1 or 10632.1 and 4905.1 and 10476.1 and 9551.3 and 517.2 and 515.2 and 522.3 and 521.1 or 4905.1 and 10476.2 and 522.1 and 521.1 and 515.1 and 10632.1 and 517.2 and 9551.3 or 10632.1 and 517.1 and 4905.1 and 10476.1 and 515.3 and 522.1 and 9551.2 and 521.1 or 10632.1 and 4905.1 and 10476.1 and 515.3 and 522.2 and 9551.3 and 521.1 and 518.1 or 10632.1 and 4905.1 and 10476.1 and 9551.1 and 518.2 and 522.3 and 521.1 and 515.1 or 10632.1 and 517.1 and 4905.1 and 10476.1 and 522.2 and 515.2 and 9551.2 and 521.1 or 4905.1 and 515.2 and 10476.2 and 521.1 and 10632.1 and 522.5 and 518.2 and 9551.2 or 10632.1 and 4905.1 and 10476.1 and 522.2 and 9551.3 and 515.2 and 521.1 and 518.1 or 4905.1 and 10476.2 and 521.1 and 515.1 and 10632.1 and 518.2 and 9551.2 and 522.3 or 4905.1 and 10476.2 and 516.2 and 521.1 and 515.1 and 10632.1 and 522.4 and 9551.2 or 10632.1 and 4905.1 and 10476.1 and 515.3 and 522.2 and 9551.2 and 521.1 and 518.1 or 10632.1 and 4905.1 and 10476.1 and 515.3 and 517.2 and 522.1 and 9551.2 and 521.1 or 518.3 and 4905.1 and 10476.2 and 521.1 and 515.1 and 10632.1 and 9551.3 and 522.5 or 10632.1 and 4905.1 and 516.1 and 515.2 and 10476.2 and 522.5 and 9551.2 and 521.1 or 517.1 and 4905.1 and 522.2 and 515.2 and 10476.2 and 521.1 and 10632.1 and 9551.2 or 10632.1 and 4905.1 and 10476.1 and 522.2 and 9551.3 and 518.2 and 521.1 and 515.1 or 4905.1 and 515.2 and 10476.2 and 516.2 and 521.1 and 10632.1 and 522.4 and 9551.2 or 518.3 and 4905.1 and 9551.1 and 515.3 and 522.2 and 10476.2 and 521.1 and 10632.1 or 10632.1 and 4905.1 and 10476.1 and 515.3 and 522.5 and 9551.2 and 518.2 and 521.1 or 10632.1 and 4905.1 and 516.1 and 10476.1 and 9551.3 and 522.1 and 521.1 and 515.1 or 4905.1 and 9551.1 and 515.2 and 10476.2 and 521.1 and 10632.1 and 517.2 and 522.3 or 10632.1 and 4905.1 and 10476.1 and 515.3 and 9551.3 and 517.2 and 522.3 and 521.1 or 10632.1 and 4905.1 and 10476.1 and 9551.1 and 515.3 and 522.2 and 516.2 and 521.1 or 10632.1 and 517.1 and 4905.1 and 10476.1 and 9551.2 and 522.3 and 521.1 and 515.1 or 10632.1 and 4905.1 and 516.1 and 9551.1 and 10476.2 and 522.5 and 521.1 and 515.1 or 4905.1 and 522.2 and 10476.2 and 521.1 and 515.1 and 10632.1 and 517.2 and 9551.3 or 10632.1 and 4905.1 and 10476.1 and 9551.3 and 517.2 and 515.2 and 522.1 and 521.1 or 518.3 and 10632.1 and 4905.1 and 10476.1 and 515.2 and 522.5 and 9551.2 and 521.1 or 10632.1 and 4905.1 and 516.1 and 515.3 and 522.2 and 10476.2 and 9551.2 and 521.1 or 10632.1 and 4905.1 and 10476.1 and 9551.3 and 516.2 and 522.3 and 521.1 and 515.1 or 518.3 and 10632.1 and 4905.1 and 10476.1 and 9551.1 and 522.5 and 521.1 and 515.1 or 4905.1 and 515.3 and 10476.2 and 521.1 and 10632.1 and 517.2 and 9551.3 and 522.3 or 518.3 and 10632.1 and 4905.1 and 10476.1 and 522.2 and 9551.3 and 521.1 and 515.1 or 10632.1 and 4905.1 and 10476.1 and 9551.2 and 518.2 and 522.3 and 521.1 and 515.1 or 10632.1 and 4905.1 and 10476.1 and 515.2 and 9551.2 and 518.2 and 522.4 and 521.1 or 10632.1 and 4905.1 and 10476.1 and 522.5 and 9551.2 and 521.1 and 518.1 and 515.1 or 10632.1 and 4905.1 and 10476.1 and 9551.1 and 515.3 and 522.5 and 521.1 and 518.1 or 4905.1 and 515.3 and 10476.2 and 521.1 and 10632.1 and 9551.3 and 522.5 and 518.2 or 4905.1 and 9551.1 and 515.3 and 10476.2 and 522.1 and 521.1 and 10632.1 and 517.2 or 10632.1 and 4905.1 and 516.1 and 10476.1 and 9551.1 and 522.1 and 521.1 and 515.1 or 4905.1 and 515.2 and 10476.2 and 522.1 and 516.2 and 521.1 and 10632.1 and 9551.2 or 10632.1 and 4905.1 and 516.1 and 10476.1 and 515.3 and 9551.2 and 522.4 and 521.1 or 10632.1 and 4905.1 and 10476.1 and 9551.1 and 522.2 and 517.2 and 521.1 and 515.1 or 10632.1 and 4905.1 and 516.1 and 10476.1 and 515.3 and 9551.2 and 522.3 and 521.1 or 4905.1 and 515.2 and 10476.2 and 522.1 and 521.1 and 518.1 and 10632.1 and 9551.2 or 4905.1 and 10476.2 and 521.1 and 518.1 and 515.1 and 10632.1 and 9551.3 and 522.4 or 10632.1 and 4905.1 and 516.1 and 10476.1 and 9551.1 and 522.5 and 521.1 and 515.1 or 4905.1 and 515.3 and 522.2 and 10476.2 and 521.1 and 10632.1 and 9551.3 and 518.2 or 10632.1 and 4905.1 and 10476.1 and 517.2 and 515.2 and 9551.2 and 522.3 and 521.1 or 4905.1 and 10476.2 and 521.1 and 518.1 and 515.1 and 10632.1 and 522.4 and 9551.2 or 10632.1 and 4905.1 and 10476.1 and 9551.3 and 515.2 and 518.2 and 522.3 and 521.1 or 518.3 and 10632.1 and 4905.1 and 10476.1 and 9551.3 and 515.2 and 522.1 and 521.1 or 10632.1 and 4905.1 and 10476.1 and 515.3 and 9551.3 and 518.2 and 522.4 and 521.1 or 517.1 and 4905.1 and 9551.1 and 10476.2 and 522.1 and 521.1 and 515.1 and 10632.1 or 10632.1 and 4905.1 and 10476.1 and 9551.1 and 515.3 and 518.2 and 522.4 and 521.1 or 4905.1 and 515.2 and 10476.2 and 521.1 and 518.1 and 10632.1 and 9551.3 and 522.5 or 518.3 and 10632.1 and 4905.1 and 10476.1 and 9551.3 and 515.2 and 522.3 and 521.1 or 10632.1 and 4905.1 and 10476.1 and 9551.1 and 522.1 and 516.2 and 521.1 and 515.1 or 10632.1 and 4905.1 and 10476.1 and 9551.3 and 515.2 and 522.5 and 516.2 and 521.1 or 4905.1 and 515.3 and 10476.2 and 516.2 and 521.1 and 10632.1 and 522.5 and 9551.2 or 10632.1 and 4905.1 and 10476.1 and 9551.3 and 515.2 and 522.1 and 516.2 and 521.1 or 10632.1 and 517.1 and 4905.1 and 10476.1 and 9551.3 and 522.4 and 521.1 and 515.1 or 10632.1 and 4905.1 and 10476.1 and 9551.3 and 518.2 and 522.3 and 521.1 and 515.1 or 10632.1 and 4905.1 and 10476.1 and 9551.1 and 515.3 and 517.2 and 522.3 and 521.1 or 10632.1 and 4905.1 and 10476.1 and 9551.3 and 517.2 and 522.3 and 521.1 and 515.1 or 10632.1 and 4905.1 and 10476.1 and 515.2 and 522.5 and 9551.2 and 518.2 and 521.1 or 10632.1 and 517.1 and 4905.1 and 10476.1 and 515.2 and 522.1 and 9551.2 and 521.1 or 518.3 and 10632.1 and 4905.1 and 10476.1 and 9551.1 and 515.3 and 522.3 and 521.1 or 518.3 and 4905.1 and 522.2 and 515.2 and 10476.2 and 521.1 and 10632.1 and 9551.3 or 4905.1 and 10476.2 and 521.1 and 518.1 and 515.1 and 10632.1 and 9551.2 and 522.3 or 517.1 and 4905.1 and 515.3 and 522.2 and 10476.2 and 521.1 and 10632.1 and 9551.2 or 10632.1 and 4905.1 and 516.1 and 9551.3 and 10476.2 and 522.3 and 521.1 and 515.1 or 518.3 and 4905.1 and 9551.1 and 515.3 and 10476.2 and 521.1 and 10632.1 and 522.5 or 4905.1 and 9551.1 and 515.3 and 10476.2 and 521.1 and 10632.1 and 517.2 and 522.5 or 10632.1 and 4905.1 and 516.1 and 9551.3 and 515.2 and 10476.2 and 522.5 and 521.1 or 10632.1 and 4905.1 and 516.1 and 9551.1 and 515.2 and 10476.2 and 522.1 and 521.1 or 10632.1 and 4905.1 and 516.1 and 10476.1 and 9551.1 and 515.2 and 522.5 and 521.1 or 518.3 and 4905.1 and 9551.1 and 10476.2 and 521.1 and 515.1 and 10632.1 and 522.5 or 517.1 and 4905.1 and 515.3 and 522.2 and 10476.2 and 521.1 and 10632.1 and 9551.3 or 518.3 and 4905.1 and 515.3 and 10476.2 and 521.1 and 10632.1 and 9551.2 and 522.3 or 4905.1 and 10476.2 and 516.2 and 521.1 and 515.1 and 10632.1 and 9551.3 and 522.5 or 10632.1 and 4905.1 and 516.1 and 515.2 and 10476.2 and 9551.2 and 522.4 and 521.1 or 4905.1 and 515.2 and 10476.2 and 521.1 and 10632.1 and 517.2 and 522.4 and 9551.2 or 4905.1 and 10476.2 and 521.1 and 518.1 and 515.1 and 10632.1 and 522.5 and 9551.2 or 517.1 and 4905.1 and 515.2 and 10476.2 and 521.1 and 10632.1 and 9551.3 and 522.3 or 4905.1 and 9551.1 and 522.2 and 515.2 and 10476.2 and 521.1 and 10632.1 and 517.2 or 4905.1 and 515.3 and 10476.2 and 516.2 and 521.1 and 10632.1 and 9551.3 and 522.3 or 4905.1 and 515.2 and 10476.2 and 521.1 and 10632.1 and 9551.3 and 522.5 and 518.2 or 4905.1 and 522.2 and 10476.2 and 516.2 and 521.1 and 515.1 and 10632.1 and 9551.2 or 10632.1 and 4905.1 and 516.1 and 10476.1 and 522.2 and 9551.3 and 521.1 and 515.1 or 10632.1 and 4905.1 and 10476.1 and 9551.1 and 515.2 and 518.2 and 522.3 and 521.1 or 10632.1 and 4905.1 and 516.1 and 10476.1 and 522.2 and 515.2 and 9551.2 and 521.1 or 10632.1 and 4905.1 and 10476.1 and 9551.1 and 515.3 and 517.2 and 522.5 and 521.1 or 517.1 and 4905.1 and 515.3 and 10476.2 and 522.1 and 521.1 and 10632.1 and 9551.3 or 10632.1 and 4905.1 and 516.1 and 9551.1 and 10476.2 and 522.4 and 521.1 and 515.1 or 518.3 and 10632.1 and 4905.1 and 10476.1 and 515.3 and 522.5 and 9551.2 and 521.1 or 10632.1 and 4905.1 and 10476.1 and 515.2 and 522.1 and 9551.2 and 516.2 and 521.1 or 518.3 and 10632.1 and 4905.1 and 10476.1 and 515.2 and 9551.2 and 522.4 and 521.1 or 517.1 and 4905.1 and 10476.2 and 521.1 and 515.1 and 10632.1 and 9551.3 and 522.5 or 10632.1 and 4905.1 and 10476.1 and 522.2 and 9551.3 and 516.2 and 521.1 and 515.1 or 4905.1 and 10476.2 and 521.1 and 515.1 and 10632.1 and 9551.3 and 522.4 and 518.2 or 10632.1 and 4905.1 and 10476.1 and 9551.3 and 522.1 and 521.1 and 518.1 and 515.1 or 10632.1 and 517.1 and 4905.1 and 10476.1 and 9551.1 and 515.3 and 522.3 and 521.1 or 518.3 and 10632.1 and 4905.1 and 10476.1 and 9551.3 and 522.4 and 521.1 and 515.1 or 4905.1 and 515.3 and 10476.2 and 522.1 and 516.2 and 521.1 and 10632.1 and 9551.3 or 10632.1 and 4905.1 and 10476.1 and 515.3 and 9551.3 and 522.1 and 518.2 and 521.1 or 10632.1 and 4905.1 and 516.1 and 10476.1 and 515.3 and 9551.3 and 522.3 and 521.1 or 10632.1 and 517.1 and 4905.1 and 10476.1 and 9551.1 and 515.2 and 522.1 and 521.1 or 10632.1 and 4905.1 and 10476.1 and 9551.1 and 515.3 and 517.2 and 522.4 and 521.1 or 4905.1 and 9551.1 and 515.3 and 522.2 and 10476.2 and 516.2 and 521.1 and 10632.1 or 10632.1 and 4905.1 and 516.1 and 515.2 and 10476.2 and 522.1 and 9551.2 and 521.1 or 10632.1 and 4905.1 and 10476.1 and 515.2 and 9551.2 and 522.4 and 521.1 and 518.1 or 518.3 and 10632.1 and 4905.1 and 10476.1 and 515.3 and 9551.3 and 522.1 and 521.1 or 10632.1 and 4905.1 and 10476.1 and 517.2 and 522.1 and 9551.2 and 521.1 and 515.1 or 10632.1 and 4905.1 and 516.1 and 9551.1 and 515.2 and 10476.2 and 522.5 and 521.1 or 10632.1 and 4905.1 and 516.1 and 9551.1 and 515.2 and 10476.2 and 522.4 and 521.1 or 10632.1 and 4905.1 and 10476.1 and 9551.3 and 517.2 and 522.1 and 521.1 and 515.1 or 10632.1 and 4905.1 and 10476.1 and 9551.3 and 515.2 and 522.1 and 521.1 and 518.1 or 518.3 and 10632.1 and 4905.1 and 10476.1 and 9551.3 and 522.3 and 521.1 and 515.1 or 517.1 and 4905.1 and 515.2 and 10476.2 and 521.1 and 10632.1 and 522.5 and 9551.2 or 4905.1 and 9551.1 and 515.3 and 10476.2 and 522.1 and 516.2 and 521.1 and 10632.1 or 4905.1 and 9551.1 and 10476.2 and 522.1 and 521.1 and 515.1 and 10632.1 and 518.2 or 10632.1 and 4905.1 and 10476.1 and 9551.1 and 515.3 and 522.4 and 521.1 and 518.1 or 10632.1 and 4905.1 and 10476.1 and 515.3 and 9551.3 and 517.2 and 522.5 and 521.1 or 10632.1 and 4905.1 and 10476.1 and 9551.1 and 522.5 and 516.2 and 521.1 and 515.1 or 10632.1 and 4905.1 and 10476.1 and 9551.1 and 515.3 and 518.2 and 522.3 and 521.1 or 518.3 and 10632.1 and 4905.1 and 10476.1 and 522.1 and 9551.2 and 521.1 and 515.1 or 518.3 and 10632.1 and 4905.1 and 10476.1 and 9551.1 and 515.3 and 522.4 and 521.1 or 10632.1 and 517.1 and 4905.1 and 10476.1 and 9551.1 and 522.1 and 521.1 and 515.1 or 518.3 and 4905.1 and 515.3 and 10476.2 and 522.1 and 521.1 and 10632.1 and 9551.3 or 518.3 and 4905.1 and 515.2 and 10476.2 and 521.1 and 10632.1 and 9551.3 and 522.4 or 4905.1 and 9551.1 and 515.2 and 10476.2 and 521.1 and 10632.1 and 517.2 and 522.4 or 4905.1 and 515.3 and 10476.2 and 522.1 and 521.1 and 518.1 and 10632.1 and 9551.2 or 10632.1 and 4905.1 and 10476.1 and 9551.1 and 515.2 and 522.1 and 521.1 and 518.1 or 10632.1 and 517.1 and 4905.1 and 10476.1 and 9551.3 and 522.5 and 521.1 and 515.1 or 10632.1 and 4905.1 and 10476.1 and 515.3 and 9551.3 and 522.4 and 521.1 and 518.1 or 4905.1 and 9551.1 and 515.2 and 10476.2 and 522.1 and 516.2 and 521.1 and 10632.1 or 517.1 and 4905.1 and 515.3 and 10476.2 and 522.1 and 521.1 and 10632.1 and 9551.2 or 10632.1 and 4905.1 and 10476.1 and 517.2 and 522.5 and 9551.2 and 521.1 and 515.1 or 10632.1 and 4905.1 and 516.1 and 10476.1 and 515.2 and 9551.2 and 522.3 and 521.1 or 10632.1 and 517.1 and 4905.1 and 10476.1 and 515.2 and 9551.2 and 522.4 and 521.1 or 4905.1 and 9551.1 and 515.3 and 10476.2 and 521.1 and 10632.1 and 517.2 and 522.4 or 518.3 and 4905.1 and 522.2 and 10476.2 and 521.1 and 515.1 and 10632.1 and 9551.3 or 10632.1 and 4905.1 and 516.1 and 515.3 and 10476.2 and 522.1 and 9551.2 and 521.1 or 10632.1 and 4905.1 and 516.1 and 10476.1 and 9551.1 and 515.3 and 522.1 and 521.1 or 10632.1 and 4905.1 and 516.1 and 515.3 and 9551.3 and 10476.2 and 522.1 and 521.1 or 10632.1 and 4905.1 and 10476.1 and 515.3 and 522.5 and 9551.2 and 516.2 and 521.1 or 10632.1 and 4905.1 and 10476.1 and 9551.3 and 515.2 and 522.4 and 521.1 and 518.1 or 517.1 and 4905.1 and 9551.1 and 515.3 and 10476.2 and 522.1 and 521.1 and 10632.1 or 4905.1 and 522.2 and 10476.2 and 521.1 and 515.1 and 10632.1 and 517.2 and 9551.2 or 10632.1 and 4905.1 and 516.1 and 9551.3 and 10476.2 and 522.4 and 521.1 and 515.1 or 10632.1 and 4905.1 and 10476.1 and 515.3 and 517.2 and 9551.2 and 522.3 and 521.1 or 518.3 and 10632.1 and 4905.1 and 10476.1 and 9551.1 and 515.3 and 522.5 and 521.1 or 4905.1 and 10476.2 and 521.1 and 515.1 and 10632.1 and 9551.3 and 518.2 and 522.3 or 10632.1 and 517.1 and 4905.1 and 10476.1 and 9551.2 and 522.4 and 521.1 and 515.1 or 517.1 and 4905.1 and 515.3 and 10476.2 and 521.1 and 10632.1 and 9551.3 and 522.3 or 4905.1 and 9551.1 and 515.2 and 10476.2 and 522.1 and 521.1 and 10632.1 and 518.2 or 10632.1 and 4905.1 and 10476.1 and 515.3 and 9551.3 and 518.2 and 522.3 and 521.1 or 517.1 and 4905.1 and 515.2 and 10476.2 and 521.1 and 10632.1 and 9551.3 and 522.5 or 4905.1 and 522.2 and 10476.2 and 521.1 and 518.1 and 515.1 and 10632.1 and 9551.2 or 517.1 and 4905.1 and 9551.1 and 522.2 and 10476.2 and 521.1 and 515.1 and 10632.1 or 4905.1 and 515.2 and 10476.2 and 521.1 and 10632.1 and 517.2 and 522.5 and 9551.2 or 10632.1 and 4905.1 and 516.1 and 10476.2 and 522.5 and 9551.2 and 521.1 and 515.1 or 517.1 and 4905.1 and 10476.2 and 521.1 and 515.1 and 10632.1 and 9551.3 and 522.4 or 4905.1 and 515.2 and 10476.2 and 522.1 and 521.1 and 10632.1 and 518.2 and 9551.2 or 4905.1 and 9551.1 and 515.3 and 522.2 and 10476.2 and 521.1 and 10632.1 and 517.2 or 4905.1 and 9551.1 and 10476.2 and 522.1 and 521.1 and 515.1 and 10632.1 and 517.2 or 4905.1 and 10476.2 and 522.1 and 516.2 and 521.1 and 515.1 and 10632.1 and 9551.2 or 518.3 and 10632.1 and 4905.1 and 10476.1 and 9551.1 and 515.2 and 522.3 and 521.1 or 10632.1 and 4905.1 and 516.1 and 10476.1 and 522.1 and 9551.2 and 521.1 and 515.1 or 10632.1 and 4905.1 and 516.1 and 9551.1 and 10476.2 and 522.3 and 521.1 and 515.1 or 10632.1 and 4905.1 and 10476.1 and 522.2 and 517.2 and 515.2 and 9551.2 and 521.1 or 4905.1 and 9551.1 and 515.2 and 10476.2 and 522.1 and 521.1 and 518.1 and 10632.1 or 10632.1 and 517.1 and 4905.1 and 10476.1 and 9551.1 and 515.3 and 522.4 and 521.1 or 4905.1 and 9551.1 and 515.2 and 10476.2 and 521.1 and 518.1 and 10632.1 and 522.3 or 517.1 and 4905.1 and 515.3 and 10476.2 and 521.1 and 10632.1 and 9551.3 and 522.5 or 518.3 and 4905.1 and 9551.1 and 515.3 and 10476.2 and 521.1 and 10632.1 and 522.4 or 4905.1 and 10476.2 and 522.1 and 521.1 and 518.1 and 515.1 and 10632.1 and 9551.2 or 4905.1 and 515.3 and 522.2 and 10476.2 and 521.1 and 518.1 and 10632.1 and 9551.3 or 10632.1 and 4905.1 and 10476.1 and 9551.1 and 515.3 and 522.4 and 516.2 and 521.1 or 4905.1 and 9551.1 and 515.3 and 10476.2 and 516.2 and 521.1 and 10632.1 and 522.3 or 4905.1 and 9551.1 and 515.2 and 10476.2 and 521.1 and 10632.1 and 522.5 and 518.2 or 10632.1 and 4905.1 and 10476.1 and 522.2 and 517.2 and 9551.2 and 521.1 and 515.1 or 10632.1 and 4905.1 and 516.1 and 9551.3 and 515.2 and 10476.2 and 522.4 and 521.1 or 10632.1 and 517.1 and 4905.1 and 10476.1 and 522.5 and 9551.2 and 521.1 and 515.1 or 4905.1 and 515.2 and 10476.2 and 522.1 and 521.1 and 10632.1 and 517.2 and 9551.3 or 10632.1 and 4905.1 and 10476.1 and 9551.1 and 522.2 and 517.2 and 515.2 and 521.1 or 518.3 and 4905.1 and 10476.2 and 521.1 and 515.1 and 10632.1 and 9551.3 and 522.4 or 10632.1 and 517.1 and 4905.1 and 10476.1 and 9551.1 and 522.2 and 515.2 and 521.1 or 4905.1 and 515.3 and 10476.2 and 521.1 and 10632.1 and 9551.3 and 518.2 and 522.3 or 517.1 and 4905.1 and 515.2 and 10476.2 and 522.1 and 521.1 and 10632.1 and 9551.3 or 10632.1 and 4905.1 and 10476.1 and 9551.1 and 522.1 and 518.2 and 521.1 and 515.1 or 4905.1 and 515.2 and 10476.2 and 521.1 and 10632.1 and 522.4 and 518.2 and 9551.2 or 10632.1 and 4905.1 and 10476.1 and 9551.1 and 515.3 and 522.3 and 521.1 and 518.1 or 10632.1 and 4905.1 and 10476.1 and 9551.1 and 515.3 and 522.2 and 521.1 and 518.1 or 518.3 and 4905.1 and 515.3 and 10476.2 and 521.1 and 10632.1 and 522.5 and 9551.2 or 518.3 and 10632.1 and 4905.1 and 10476.1 and 9551.3 and 515.2 and 522.5 and 521.1 or 4905.1 and 515.2 and 10476.2 and 516.2 and 521.1 and 10632.1 and 9551.2 and 522.3 or 10632.1 and 4905.1 and 10476.1 and 9551.2 and 518.2 and 522.4 and 521.1 and 515.1 or 4905.1 and 10476.2 and 522.1 and 521.1 and 518.1 and 515.1 and 10632.1 and 9551.3 or 10632.1 and 4905.1 and 10476.1 and 9551.1 and 515.2 and 518.2 and 522.4 and 521.1 or 10632.1 and 4905.1 and 10476.1 and 522.1 and 9551.2 and 521.1 and 518.1 and 515.1 or 4905.1 and 515.2 and 10476.2 and 521.1 and 518.1 and 10632.1 and 9551.3 and 522.3 or 10632.1 and 517.1 and 4905.1 and 10476.1 and 515.3 and 522.2 and 9551.3 and 521.1 or 4905.1 and 522.2 and 515.2 and 10476.2 and 516.2 and 521.1 and 10632.1 and 9551.2 or 518.3 and 4905.1 and 10476.2 and 522.1 and 521.1 and 515.1 and 10632.1 and 9551.3 or 10632.1 and 517.1 and 4905.1 and 10476.1 and 9551.3 and 522.1 and 521.1 and 515.1 or 10632.1 and 4905.1 and 10476.1 and 515.3 and 9551.2 and 518.2 and 522.3 and 521.1 or 10632.1 and 4905.1 and 10476.1 and 9551.1 and 515.3 and 522.1 and 518.2 and 521.1 or 4905.1 and 515.3 and 10476.2 and 522.1 and 521.1 and 10632.1 and 517.2 and 9551.2 or 10632.1 and 4905.1 and 10476.1 and 515.3 and 9551.3 and 517.2 and 522.4 and 521.1 or 518.3 and 10632.1 and 4905.1 and 10476.1 and 9551.2 and 522.3 and 521.1 and 515.1 or 4905.1 and 9551.1 and 10476.2 and 521.1 and 515.1 and 10632.1 and 517.2 and 522.3 or 4905.1 and 515.2 and 10476.2 and 522.1 and 516.2 and 521.1 and 10632.1 and 9551.3 or 517.1 and 4905.1 and 9551.1 and 515.3 and 10476.2 and 521.1 and 10632.1 and 522.5 or 518.3 and 10632.1 and 4905.1 and 10476.1 and 515.3 and 522.2 and 9551.3 and 521.1 or 518.3 and 10632.1 and 4905.1 and 10476.1 and 9551.1 and 522.2 and 521.1 and 515.1 or 10632.1 and 4905.1 and 10476.1 and 515.2 and 9551.2 and 516.2 and 522.3 and 521.1 or 10632.1 and 4905.1 and 10476.1 and 9551.3 and 517.2 and 515.2 and 522.5 and 521.1 or 10632.1 and 4905.1 and 516.1 and 10476.1 and 515.3 and 9551.3 and 522.1 and 521.1 or 518.3 and 10632.1 and 4905.1 and 10476.1 and 9551.1 and 515.2 and 522.5 and 521.1 or 10632.1 and 4905.1 and 516.1 and 10476.1 and 9551.1 and 515.3 and 522.2 and 521.1 or 10632.1 and 4905.1 and 10476.1 and 9551.1 and 515.2 and 522.5 and 516.2 and 521.1 or 10632.1 and 4905.1 and 10476.1 and 9551.2 and 522.4 and 521.1 and 518.1 and 515.1 or 517.1 and 4905.1 and 515.2 and 10476.2 and 522.1 and 521.1 and 10632.1 and 9551.2 or 10632.1 and 4905.1 and 516.1 and 10476.1 and 515.2 and 9551.2 and 522.4 and 521.1 or 4905.1 and 9551.1 and 515.3 and 10476.2 and 521.1 and 518.1 and 10632.1 and 522.3 or 4905.1 and 515.3 and 10476.2 and 521.1 and 518.1 and 10632.1 and 522.5 and 9551.2 or 10632.1 and 4905.1 and 516.1 and 515.3 and 10476.2 and 522.5 and 9551.2 and 521.1 or 518.3 and 10632.1 and 4905.1 and 10476.1 and 515.3 and 522.1 and 9551.2 and 521.1 or 10632.1 and 4905.1 and 10476.1 and 9551.2 and 522.4 and 516.2 and 521.1 and 515.1 or 10632.1 and 4905.1 and 516.1 and 515.3 and 9551.3 and 10476.2 and 522.5 and 521.1 or 518.3 and 4905.1 and 9551.1 and 10476.2 and 522.1 and 521.1 and 515.1 and 10632.1 or 10632.1 and 4905.1 and 10476.1 and 515.3 and 522.2 and 9551.2 and 518.2 and 521.1 or 10632.1 and 4905.1 and 10476.1 and 9551.3 and 522.1 and 516.2 and 521.1 and 515.1 or 10632.1 and 4905.1 and 10476.1 and 515.2 and 9551.2 and 522.3 and 521.1 and 518.1 or 10632.1 and 4905.1 and 10476.1 and 9551.3 and 517.2 and 522.5 and 521.1 and 515.1 or 4905.1 and 515.2 and 10476.2 and 521.1 and 10632.1 and 517.2 and 9551.3 and 522.3 or 4905.1 and 9551.1 and 515.3 and 10476.2 and 522.1 and 521.1 and 10632.1 and 518.2 or 10632.1 and 4905.1 and 10476.1 and 515.3 and 9551.3 and 517.2 and 522.1 and 521.1 or 517.1 and 4905.1 and 9551.1 and 515.2 and 10476.2 and 522.1 and 521.1 and 10632.1 or 4905.1 and 9551.1 and 515.2 and 10476.2 and 516.2 and 521.1 and 10632.1 and 522.4 or 4905.1 and 9551.1 and 522.2 and 10476.2 and 521.1 and 515.1 and 10632.1 and 517.2 or 10632.1 and 4905.1 and 516.1 and 10476.2 and 9551.2 and 522.4 and 521.1 and 515.1 or 10632.1 and 4905.1 and 516.1 and 10476.1 and 522.5 and 9551.2 and 521.1 and 515.1 or 10632.1 and 4905.1 and 10476.1 and 522.5 and 9551.2 and 516.2 and 521.1 and 515.1 or 10632.1 and 4905.1 and 10476.1 and 9551.2 and 516.2 and 522.3 and 521.1 and 515.1 or 10632.1 and 4905.1 and 516.1 and 10476.1 and 522.2 and 9551.2 and 521.1 and 515.1 or 517.1 and 4905.1 and 10476.2 and 521.1 and 515.1 and 10632.1 and 522.4 and 9551.2 or 10632.1 and 4905.1 and 10476.1 and 9551.1 and 515.3 and 516.2 and 522.3 and 521.1 or 4905.1 and 10476.2 and 521.1 and 518.1 and 515.1 and 10632.1 and 9551.3 and 522.5 or 10632.1 and 4905.1 and 10476.1 and 9551.1 and 515.2 and 522.5 and 518.2 and 521.1 or 10632.1 and 517.1 and 4905.1 and 10476.1 and 515.3 and 9551.3 and 522.1 and 521.1 or 10632.1 and 4905.1 and 10476.1 and 515.3 and 9551.3 and 522.5 and 518.2 and 521.1 or 10632.1 and 4905.1 and 10476.1 and 522.2 and 9551.2 and 518.2 and 521.1 and 515.1 or 10632.1 and 517.1 and 4905.1 and 10476.1 and 9551.1 and 515.3 and 522.1 and 521.1 or 518.3 and 4905.1 and 9551.1 and 515.2 and 10476.2 and 522.1 and 521.1 and 10632.1 or 10632.1 and 4905.1 and 10476.1 and 515.3 and 522.5 and 9551.2 and 521.1 and 518.1 or 518.3 and 4905.1 and 515.3 and 10476.2 and 521.1 and 10632.1 and 9551.3 and 522.3 or 518.3 and 10632.1 and 4905.1 and 10476.1 and 9551.1 and 515.2 and 522.4 and 521.1 or 517.1 and 4905.1 and 10476.2 and 521.1 and 515.1 and 10632.1 and 9551.3 and 522.3 or 4905.1 and 515.2 and 10476.2 and 516.2 and 521.1 and 10632.1 and 522.5 and 9551.2 or 4905.1 and 9551.1 and 10476.2 and 521.1 and 518.1 and 515.1 and 10632.1 and 522.5 or 10632.1 and 4905.1 and 10476.1 and 517.2 and 9551.2 and 522.3 and 521.1 and 515.1 or 4905.1 and 522.2 and 515.2 and 10476.2 and 521.1 and 10632.1 and 518.2 and 9551.2 or 10632.1 and 4905.1 and 10476.1 and 515.3 and 522.2 and 517.2 and 9551.2 and 521.1 or 518.3 and 10632.1 and 4905.1 and 10476.1 and 9551.1 and 522.4 and 521.1 and 515.1 or 10632.1 and 4905.1 and 516.1 and 9551.3 and 515.2 and 10476.2 and 522.3 and 521.1 or 518.3 and 10632.1 and 4905.1 and 10476.1 and 9551.3 and 522.1 and 521.1 and 515.1 or 518.3 and 4905.1 and 9551.1 and 10476.2 and 521.1 and 515.1 and 10632.1 and 522.3 or 10632.1 and 517.1 and 4905.1 and 10476.1 and 515.2 and 9551.2 and 522.3 and 521.1 or 4905.1 and 9551.1 and 10476.2 and 521.1 and 518.1 and 515.1 and 10632.1 and 522.4 or 4905.1 and 9551.1 and 10476.2 and 516.2 and 521.1 and 515.1 and 10632.1 and 522.5 or 4905.1 and 9551.1 and 10476.2 and 516.2 and 521.1 and 515.1 and 10632.1 and 522.4 or 4905.1 and 515.2 and 10476.2 and 521.1 and 10632.1 and 9551.3 and 518.2 and 522.3 or 10632.1 and 4905.1 and 10476.1 and 9551.1 and 522.2 and 515.2 and 521.1 and 518.1 or 10632.1 and 4905.1 and 10476.1 and 9551.3 and 515.2 and 522.3 and 521.1 and 518.1 or 10632.1 and 4905.1 and 10476.1 and 515.3 and 9551.3 and 522.3 and 521.1 and 518.1 or 4905.1 and 515.3 and 10476.2 and 516.2 and 521.1 and 10632.1 and 9551.3 and 522.5 or 10632.1 and 4905.1 and 516.1 and 10476.1 and 515.2 and 522.5 and 9551.2 and 521.1 or 517.1 and 4905.1 and 9551.1 and 10476.2 and 521.1 and 515.1 and 10632.1 and 522.4 or 4905.1 and 515.2 and 10476.2 and 521.1 and 518.1 and 10632.1 and 9551.3 and 522.4 or 10632.1 and 4905.1 and 10476.1 and 522.2 and 9551.3 and 515.2 and 516.2 and 521.1 or 4905.1 and 515.3 and 10476.2 and 522.1 and 521.1 and 518.1 and 10632.1 and 9551.3 or 4905.1 and 10476.2 and 521.1 and 515.1 and 10632.1 and 517.2 and 9551.3 and 522.4 or 4905.1 and 9551.1 and 515.3 and 10476.2 and 521.1 and 10632.1 and 522.4 and 518.2 or 10632.1 and 517.1 and 4905.1 and 10476.1 and 9551.1 and 522.2 and 521.1 and 515.1 or 10632.1 and 4905.1 and 10476.1 and 522.2 and 9551.3 and 517.2 and 521.1 and 515.1 or 4905.1 and 515.3 and 10476.2 and 516.2 and 521.1 and 10632.1 and 9551.2 and 522.3 or 4905.1 and 9551.1 and 515.2 and 10476.2 and 522.1 and 521.1 and 10632.1 and 517.2 or 10632.1 and 4905.1 and 10476.1 and 9551.3 and 515.2 and 518.2 and 522.4 and 521.1 or 518.3 and 4905.1 and 10476.2 and 522.1 and 521.1 and 515.1 and 10632.1 and 9551.2 or 4905.1 and 9551.1 and 515.3 and 10476.2 and 522.1 and 521.1 and 518.1 and 10632.1 or 4905.1 and 9551.1 and 10476.2 and 521.1 and 515.1 and 10632.1 and 517.2 and 522.4 or 10632.1 and 4905.1 and 516.1 and 9551.3 and 10476.2 and 522.5 and 521.1 and 515.1 or 10632.1 and 517.1 and 4905.1 and 10476.1 and 9551.3 and 515.2 and 522.1 and 521.1 or 10632.1 and 4905.1 and 10476.1 and 515.3 and 9551.2 and 518.2 and 522.4 and 521.1 or 10632.1 and 517.1 and 4905.1 and 10476.1 and 515.3 and 522.5 and 9551.2 and 521.1 or 518.3 and 4905.1 and 515.2 and 10476.2 and 521.1 and 10632.1 and 9551.2 and 522.3 or 10632.1 and 4905.1 and 516.1 and 10476.1 and 515.3 and 9551.3 and 522.4 and 521.1 or 10632.1 and 4905.1 and 516.1 and 10476.1 and 9551.3 and 515.2 and 522.5 and 521.1 or 10632.1 and 4905.1 and 516.1 and 515.3 and 9551.3 and 10476.2 and 522.4 and 521.1 or 10632.1 and 4905.1 and 10476.1 and 515.3 and 517.2 and 522.5 and 9551.2 and 521.1 or 4905.1 and 515.3 and 522.2 and 10476.2 and 521.1 and 10632.1 and 517.2 and 9551.2 or 518.3 and 10632.1 and 4905.1 and 10476.1 and 9551.1 and 522.1 and 521.1 and 515.1 or 518.3 and 10632.1 and 4905.1 and 10476.1 and 515.3 and 9551.3 and 522.4 and 521.1 or 10632.1 and 4905.1 and 10476.1 and 522.2 and 515.2 and 9551.2 and 521.1 and 518.1 or 517.1 and 4905.1 and 522.2 and 515.2 and 10476.2 and 521.1 and 10632.1 and 9551.3 or 4905.1 and 9551.1 and 10476.2 and 516.2 and 521.1 and 515.1 and 10632.1 and 522.3 or 10632.1 and 4905.1 and 516.1 and 9551.1 and 522.2 and 515.2 and 10476.2 and 521.1 or 4905.1 and 522.2 and 515.2 and 10476.2 and 521.1 and 10632.1 and 517.2 and 9551.3 or 10632.1 and 4905.1 and 516.1 and 10476.1 and 9551.1 and 522.4 and 521.1 and 515.1 or 10632.1 and 4905.1 and 10476.1 and 522.2 and 515.2 and 9551.2 and 516.2 and 521.1 or 10632.1 and 4905.1 and 516.1 and 10476.1 and 9551.1 and 515.2 and 522.4 and 521.1 or 518.3 and 10632.1 and 4905.1 and 10476.1 and 9551.2 and 522.4 and 521.1 and 515.1 or 518.3 and 10632.1 and 4905.1 and 10476.1 and 515.3 and 9551.3 and 522.3 and 521.1 or 10632.1 and 4905.1 and 10476.1 and 522.1 and 9551.2 and 518.2 and 521.1 and 515.1 or 4905.1 and 515.3 and 10476.2 and 521.1 and 518.1 and 10632.1 and 9551.3 and 522.3 or 10632.1 and 4905.1 and 10476.1 and 9551.1 and 517.2 and 522.4 and 521.1 and 515.1 or 10632.1 and 4905.1 and 516.1 and 10476.1 and 9551.1 and 515.3 and 522.3 and 521.1 or 10632.1 and 4905.1 and 516.1 and 515.2 and 10476.2 and 9551.2 and 522.3 and 521.1 or 10632.1 and 4905.1 and 10476.1 and 9551.2 and 522.3 and 521.1 and 518.1 and 515.1 or 518.3 and 10632.1 and 4905.1 and 10476.1 and 9551.3 and 522.5 and 521.1 and 515.1 or 517.1 and 4905.1 and 9551.1 and 515.2 and 10476.2 and 521.1 and 10632.1 and 522.5 or 4905.1 and 10476.2 and 521.1 and 515.1 and 10632.1 and 517.2 and 522.5 and 9551.2 or 10632.1 and 4905.1 and 10476.1 and 9551.1 and 522.2 and 516.2 and 521.1 and 515.1 or 10632.1 and 4905.1 and 516.1 and 10476.2 and 9551.2 and 522.3 and 521.1 and 515.1 or 10632.1 and 4905.1 and 10476.1 and 9551.1 and 522.4 and 521.1 and 518.1 and 515.1 or 10632.1 and 4905.1 and 10476.1 and 517.2 and 515.2 and 9551.2 and 522.4 and 521.1 or 518.3 and 4905.1 and 515.3 and 522.2 and 10476.2 and 521.1 and 10632.1 and 9551.3 or 10632.1 and 4905.1 and 516.1 and 10476.1 and 9551.2 and 522.3 and 521.1 and 515.1 or 518.3 and 4905.1 and 515.2 and 10476.2 and 522.1 and 521.1 and 10632.1 and 9551.3 or 517.1 and 4905.1 and 10476.2 and 521.1 and 515.1 and 10632.1 and 522.5 and 9551.2 or 10632.1 and 4905.1 and 10476.1 and 9551.1 and 515.2 and 522.5 and 521.1 and 518.1 or 10632.1 and 4905.1 and 10476.1 and 9551.1 and 517.2 and 522.5 and 521.1 and 515.1 or 10632.1 and 517.1 and 4905.1 and 10476.1 and 9551.3 and 522.3 and 521.1 and 515.1 or 10632.1 and 4905.1 and 10476.1 and 9551.3 and 515.2 and 522.4 and 516.2 and 521.1 or 4905.1 and 515.2 and 10476.2 and 522.1 and 521.1 and 10632.1 and 9551.3 and 518.2 or 10632.1 and 4905.1 and 10476.1 and 515.3 and 9551.2 and 522.4 and 521.1 and 518.1 or 517.1 and 4905.1 and 522.2 and 10476.2 and 521.1 and 515.1 and 10632.1 and 9551.3 or 4905.1 and 515.3 and 10476.2 and 521.1 and 518.1 and 10632.1 and 522.4 and 9551.2 or 10632.1 and 517.1 and 4905.1 and 10476.1 and 515.3 and 9551.3 and 522.4 and 521.1 or 10632.1 and 517.1 and 4905.1 and 10476.1 and 9551.1 and 515.3 and 522.2 and 521.1 or 10632.1 and 4905.1 and 10476.1 and 522.2 and 9551.2 and 516.2 and 521.1 and 515.1 or 10632.1 and 4905.1 and 516.1 and 10476.1 and 9551.3 and 522.5 and 521.1 and 515.1 or 10632.1 and 4905.1 and 516.1 and 9551.1 and 515.3 and 10476.2 and 522.4 and 521.1 or 4905.1 and 515.3 and 10476.2 and 521.1 and 10632.1 and 522.4 and 518.2 and 9551.2 or 10632.1 and 4905.1 and 516.1 and 10476.1 and 9551.3 and 515.2 and 522.1 and 521.1 or 4905.1 and 10476.2 and 521.1 and 515.1 and 10632.1 and 517.2 and 522.4 and 9551.2 or 518.3 and 10632.1 and 4905.1 and 10476.1 and 522.2 and 515.2 and 9551.2 and 521.1 or 10632.1 and 4905.1 and 516.1 and 515.3 and 9551.3 and 10476.2 and 522.3 and 521.1 or 4905.1 and 515.2 and 10476.2 and 522.1 and 521.1 and 518.1 and 10632.1 and 9551.3 or 4905.1 and 522.2 and 515.2 and 10476.2 and 516.2 and 521.1 and 10632.1 and 9551.3 or 10632.1 and 4905.1 and 10476.1 and 9551.1 and 515.3 and 522.2 and 517.2 and 521.1 or 10632.1 and 4905.1 and 10476.1 and 522.2 and 9551.3 and 515.2 and 518.2 and 521.1 or 10632.1 and 4905.1 and 10476.1 and 9551.1 and 515.3 and 522.2 and 518.2 and 521.1 or 4905.1 and 10476.2 and 522.1 and 521.1 and 515.1 and 10632.1 and 9551.3 and 518.2 or 4905.1 and 9551.1 and 10476.2 and 521.1 and 515.1 and 10632.1 and 517.2 and 522.5 or 4905.1 and 9551.1 and 522.2 and 515.2 and 10476.2 and 521.1 and 10632.1 and 518.2 or 4905.1 and 515.3 and 10476.2 and 521.1 and 10632.1 and 517.2 and 522.5 and 9551.2 or 517.1 and 4905.1 and 9551.1 and 515.3 and 10476.2 and 521.1 and 10632.1 and 522.3 or 518.3 and 4905.1 and 515.3 and 522.2 and 10476.2 and 521.1 and 10632.1 and 9551.2 or 4905.1 and 515.2 and 10476.2 and 516.2 and 521.1 and 10632.1 and 9551.3 and 522.3 or 10632.1 and 4905.1 and 10476.1 and 515.3 and 522.1 and 9551.2 and 516.2 and 521.1 or 4905.1 and 515.3 and 10476.2 and 521.1 and 10632.1 and 517.2 and 9551.3 and 522.5 or 4905.1 and 9551.1 and 515.3 and 10476.2 and 516.2 and 521.1 and 10632.1 and 522.5 or 10632.1 and 4905.1 and 10476.1 and 9551.1 and 522.2 and 518.2 and 521.1 and 515.1 or 4905.1 and 10476.2 and 521.1 and 515.1 and 10632.1 and 517.2 and 9551.3 and 522.3 or 10632.1 and 4905.1 and 10476.1 and 515.2 and 522.5 and 9551.2 and 516.2 and 521.1 or 10632.1 and 4905.1 and 516.1 and 9551.1 and 515.3 and 10476.2 and 522.3 and 521.1 or 4905.1 and 9551.1 and 515.3 and 10476.2 and 521.1 and 10632.1 and 522.5 and 518.2 or 4905.1 and 515.3 and 10476.2 and 516.2 and 521.1 and 10632.1 and 9551.3 and 522.4 or 10632.1 and 4905.1 and 516.1 and 9551.1 and 522.2 and 10476.2 and 521.1 and 515.1 or 10632.1 and 4905.1 and 10476.1 and 515.3 and 517.2 and 9551.2 and 522.4 and 521.1 or 4905.1 and 515.3 and 10476.2 and 522.1 and 521.1 and 10632.1 and 9551.3 and 518.2 or 517.1 and 4905.1 and 522.2 and 10476.2 and 521.1 and 515.1 and 10632.1 and 9551.2 or 10632.1 and 4905.1 and 516.1 and 9551.3 and 515.2 and 10476.2 and 522.1 and 521.1 or 4905.1 and 515.3 and 10476.2 and 521.1 and 518.1 and 10632.1 and 9551.3 and 522.5 or 4905.1 and 515.3 and 10476.2 and 516.2 and 521.1 and 10632.1 and 522.4 and 9551.2 or 10632.1 and 4905.1 and 10476.1 and 9551.1 and 522.1 and 521.1 and 518.1 and 515.1 or 10632.1 and 4905.1 and 10476.1 and 517.2 and 9551.2 and 522.4 and 521.1 and 515.1 or 10632.1 and 4905.1 and 516.1 and 10476.1 and 9551.1 and 522.2 and 521.1 and 515.1 or 4905.1 and 515.3 and 10476.2 and 521.1 and 10632.1 and 517.2 and 9551.2 and 522.3 or 4905.1 and 9551.1 and 522.2 and 10476.2 and 521.1 and 518.1 and 515.1 and 10632.1 or 518.3 and 4905.1 and 522.2 and 515.2 and 10476.2 and 521.1 and 10632.1 and 9551.2 or 4905.1 and 515.3 and 10476.2 and 521.1 and 10632.1 and 522.5 and 518.2 and 9551.2 or 518.3 and 4905.1 and 10476.2 and 521.1 and 515.1 and 10632.1 and 522.4 and 9551.2 or 10632.1 and 4905.1 and 516.1 and 10476.1 and 9551.1 and 515.2 and 522.1 and 521.1 or 10632.1 and 517.1 and 4905.1 and 10476.1 and 515.3 and 9551.2 and 522.4 and 521.1 or 10632.1 and 517.1 and 4905.1 and 10476.1 and 9551.1 and 522.3 and 521.1 and 515.1 or 517.1 and 4905.1 and 515.3 and 10476.2 and 521.1 and 10632.1 and 522.4 and 9551.2 or 4905.1 and 9551.1 and 522.2 and 10476.2 and 516.2 and 521.1 and 515.1 and 10632.1 or 10632.1 and 4905.1 and 10476.1 and 9551.3 and 522.5 and 518.2 and 521.1 and 515.1 or 10632.1 and 517.1 and 4905.1 and 10476.1 and 9551.1 and 515.2 and 522.3 and 521.1 or 10632.1 and 517.1 and 4905.1 and 10476.1 and 515.2 and 522.5 and 9551.2 and 521.1 or 518.3 and 10632.1 and 4905.1 and 10476.1 and 515.3 and 9551.2 and 522.3 and 521.1 or 518.3 and 4905.1 and 9551.1 and 515.2 and 10476.2 and 521.1 and 10632.1 and 522.3 or 4905.1 and 515.2 and 10476.2 and 521.1 and 518.1 and 10632.1 and 522.4 and 9551.2 or 4905.1 and 522.2 and 10476.2 and 521.1 and 515.1 and 10632.1 and 518.2 and 9551.2 or 517.1 and 4905.1 and 10476.2 and 522.1 and 521.1 and 515.1 and 10632.1 and 9551.3 or 10632.1 and 4905.1 and 10476.1 and 9551.3 and 515.2 and 522.1 and 518.2 and 521.1 or 4905.1 and 9551.1 and 515.3 and 522.2 and 10476.2 and 521.1 and 10632.1 and 518.2 or 4905.1 and 10476.2 and 521.1 and 515.1 and 10632.1 and 522.4 and 518.2 and 9551.2 or 10632.1 and 4905.1 and 10476.1 and 9551.1 and 515.2 and 516.2 and 522.3 and 521.1 or 517.1 and 4905.1 and 9551.1 and 515.2 and 10476.2 and 521.1 and 10632.1 and 522.4 or 10632.1 and 4905.1 and 10476.1 and 515.3 and 9551.2 and 522.3 and 521.1 and 518.1 or 4905.1 and 9551.1 and 515.3 and 10476.2 and 521.1 and 10632.1 and 517.2 and 522.3 or 4905.1 and 515.2 and 10476.2 and 521.1 and 10632.1 and 518.2 and 9551.2 and 522.3 or 10632.1 and 4905.1 and 10476.1 and 9551.1 and 517.2 and 515.2 and 522.1 and 521.1 or 10632.1 and 4905.1 and 10476.1 and 522.1 and 9551.2 and 516.2 and 521.1 and 515.1 or 10632.1 and 4905.1 and 516.1 and 10476.1 and 522.2 and 9551.3 and 515.2 and 521.1 or 4905.1 and 9551.1 and 10476.2 and 522.1 and 521.1 and 518.1 and 515.1 and 10632.1 or 10632.1 and 4905.1 and 516.1 and 10476.1 and 9551.1 and 515.3 and 522.4 and 521.1 or 10632.1 and 4905.1 and 10476.1 and 9551.1 and 515.3 and 522.1 and 521.1 and 518.1 or 4905.1 and 10476.2 and 522.1 and 521.1 and 515.1 and 10632.1 and 517.2 and 9551.2 or 517.1 and 4905.1 and 9551.1 and 10476.2 and 521.1 and 515.1 and 10632.1 and 522.3 or 10632.1 and 4905.1 and 516.1 and 9551.1 and 515.3 and 10476.2 and 522.5 and 521.1 or 518.3 and 4905.1 and 515.2 and 10476.2 and 521.1 and 10632.1 and 522.4 and 9551.2 or 10632.1 and 4905.1 and 10476.1 and 515.3 and 9551.3 and 522.5 and 521.1 and 518.1 or 10632.1 and 4905.1 and 10476.1 and 9551.1 and 516.2 and 522.3 and 521.1 and 515.1 or 10632.1 and 517.1 and 4905.1 and 10476.1 and 9551.1 and 515.2 and 522.4 and 521.1 or 10632.1 and 4905.1 and 10476.1 and 9551.1 and 522.3 and 521.1 and 518.1 and 515.1 or 517.1 and 4905.1 and 515.3 and 10476.2 and 521.1 and 10632.1 and 9551.3 and 522.4 or 518.3 and 4905.1 and 515.3 and 10476.2 and 521.1 and 10632.1 and 9551.3 and 522.5 or 518.3 and 4905.1 and 9551.1 and 10476.2 and 521.1 and 515.1 and 10632.1 and 522.4 or 10632.1 and 4905.1 and 516.1 and 522.2 and 9551.3 and 515.2 and 10476.2 and 521.1 or 10632.1 and 4905.1 and 516.1 and 9551.1 and 10476.2 and 522.1 and 521.1 and 515.1 or 4905.1 and 9551.1 and 522.2 and 515.2 and 10476.2 and 521.1 and 518.1 and 10632.1 or 10632.1 and 4905.1 and 516.1 and 10476.1 and 515.2 and 522.1 and 9551.2 and 521.1 or 4905.1 and 522.2 and 515.2 and 10476.2 and 521.1 and 518.1 and 10632.1 and 9551.3 or 10632.1 and 4905.1 and 10476.1 and 517.2 and 515.2 and 522.5 and 9551.2 and 521.1 or 10632.1 and 4905.1 and 10476.1 and 9551.3 and 515.2 and 522.5 and 521.1 and 518.1 or 518.3 and 4905.1 and 9551.1 and 515.3 and 10476.2 and 522.1 and 521.1 and 10632.1 or 4905.1 and 9551.1 and 515.3 and 522.2 and 10476.2 and 521.1 and 518.1 and 10632.1 or 10632.1 and 4905.1 and 10476.1 and 9551.1 and 515.2 and 522.1 and 518.2 and 521.1 or 518.3 and 10632.1 and 4905.1 and 10476.1 and 522.2 and 9551.2 and 521.1 and 515.1 or 10632.1 and 4905.1 and 10476.1 and 515.3 and 522.2 and 9551.2 and 516.2 and 521.1 or 4905.1 and 9551.1 and 515.2 and 10476.2 and 521.1 and 10632.1 and 522.4 and 518.2 or 10632.1 and 4905.1 and 516.1 and 10476.1 and 515.3 and 522.2 and 9551.3 and 521.1 or 4905.1 and 515.2 and 10476.2 and 522.1 and 521.1 and 10632.1 and 517.2 and 9551.2 or 4905.1 and 10476.2 and 522.1 and 516.2 and 521.1 and 515.1 and 10632.1 and 9551.3 or 4905.1 and 10476.2 and 521.1 and 515.1 and 10632.1 and 517.2 and 9551.3 and 522.5 or 517.1 and 4905.1 and 515.3 and 10476.2 and 521.1 and 10632.1 and 9551.2 and 522.3 or 518.3 and 10632.1 and 4905.1 and 10476.1 and 9551.1 and 522.3 and 521.1 and 515.1 or 10632.1 and 4905.1 and 516.1 and 515.3 and 522.2 and 9551.3 and 10476.2 and 521.1 or 10632.1 and 4905.1 and 516.1 and 10476.1 and 9551.1 and 515.3 and 522.5 and 521.1 or 10632.1 and 4905.1 and 10476.1 and 515.2 and 522.1 and 9551.2 and 518.2 and 521.1 or 4905.1 and 515.3 and 10476.2 and 521.1 and 10632.1 and 517.2 and 522.4 and 9551.2 or 10632.1 and 4905.1 and 10476.1 and 9551.3 and 517.2 and 522.4 and 521.1 and 515.1 or 4905.1 and 9551.1 and 515.2 and 10476.2 and 521.1 and 518.1 and 10632.1 and 522.5 or 4905.1 and 9551.1 and 10476.2 and 521.1 and 518.1 and 515.1 and 10632.1 and 522.3 or 4905.1 and 9551.1 and 522.2 and 10476.2 and 521.1 and 515.1 and 10632.1 and 518.2 or 10632.1 and 4905.1 and 10476.1 and 515.3 and 522.2 and 9551.3 and 517.2 and 521.1 or 518.3 and 4905.1 and 10476.2 and 521.1 and 515.1 and 10632.1 and 9551.3 and 522.3 or 10632.1 and 517.1 and 4905.1 and 10476.1 and 9551.3 and 515.2 and 522.3 and 521.1 or 4905.1 and 515.3 and 10476.2 and 521.1 and 518.1 and 10632.1 and 9551.3 and 522.4 or 10632.1 and 4905.1 and 10476.1 and 9551.1 and 517.2 and 515.2 and 522.4 and 521.1 or 518.3 and 10632.1 and 4905.1 and 10476.1 and 515.2 and 522.1 and 9551.2 and 521.1 or 518.3 and 10632.1 and 4905.1 and 10476.1 and 522.5 and 9551.2 and 521.1 and 515.1 or 10632.1 and 4905.1 and 10476.1 and 515.2 and 9551.2 and 522.4 and 516.2 and 521.1 or 4905.1 and 515.3 and 10476.2 and 522.1 and 516.2 and 521.1 and 10632.1 and 9551.2 or 517.1 and 4905.1 and 10476.2 and 521.1 and 515.1 and 10632.1 and 9551.2 and 522.3 or 517.1 and 4905.1 and 9551.1 and 515.3 and 10476.2 and 521.1 and 10632.1 and 522.4 or 10632.1 and 4905.1 and 10476.1 and 515.3 and 9551.3 and 516.2 and 522.3 and 521.1 or 10632.1 and 4905.1 and 516.1 and 9551.1 and 515.3 and 522.2 and 10476.2 and 521.1 or 518.3 and 10632.1 and 4905.1 and 10476.1 and 522.2 and 9551.3 and 515.2 and 521.1 or 4905.1 and 515.2 and 10476.2 and 521.1 and 10632.1 and 517.2 and 9551.3 and 522.4 or 518.3 and 10632.1 and 4905.1 and 10476.1 and 515.3 and 522.2 and 9551.2 and 521.1 or 10632.1 and 4905.1 and 10476.1 and 9551.1 and 522.5 and 521.1 and 518.1 and 515.1 or 4905.1 and 515.3 and 522.2 and 10476.2 and 516.2 and 521.1 and 10632.1 and 9551.2 or 10632.1 and 4905.1 and 516.1 and 10476.1 and 9551.3 and 522.4 and 521.1 and 515.1 or 10632.1 and 4905.1 and 10476.1 and 9551.1 and 515.3 and 522.5 and 516.2 and 521.1 or 4905.1 and 9551.1 and 515.2 and 10476.2 and 516.2 and 521.1 and 10632.1 and 522.5 or 10632.1 and 517.1 and 4905.1 and 10476.1 and 515.3 and 9551.3 and 522.3 and 521.1","Oxidative phosphorylation"
"61233","ATPtm","ADP/ATP transporter, mitochondrial","adp[c] + atp[m] --> adp[m] + atp[c]","Irreversible","c, m",0,1000,0,"(291.1) or (293.1) or (292.1)","Transport, mitochondrial"
"61310","CO2t","CO2 transporter via diffusion","co2[e] <==> co2[c]","Reversible","c, e",-1000,1000,0,"","Transport, extracellular"
"61313","CO2tm","CO2 transport (diffusion), mitochondrial","co2[c] <==> co2[m]","Reversible","c, m",-1000,1000,0,"","Transport, mitochondrial"
"61355","CYOR_u10m","ubiquinol-6 cytochrome c reductase, Complex III","(2) ficytC[m] + (2) h[m] + q10h2[m] --> (2) focytC[m] + (4) h[c] + q10[m]","Irreversible","m, c",0,1000,0,"(8876.1) and (8875.2) and (55350.3) or (8876.1) and (8875.2) and (55350.2) or (8876.1) and (8875.1) and (55350.1) or (8876.1) and (55350.2) and (8875.1) or (8875.2) and (8876.1) and (55350.1) or (8876.1) and (55350.3) and (8875.1) or (AA081045.1) or (AI620219.1) or (219.1) or (217.1) or (224.1) or (501.1) or (223.1) or (AU149534.1) or (T83654.1)","Oxidative phosphorylation"
"61722","L_LACt2r","L-lactate reversible transport via proton symport","h[e] + lac_L[e] <==> h[c] + lac_L[c]","Reversible","c, e",-1000,1000,0,"(9194.1) or (23539.1) or (6566.1) or (9123.1)","Transport, extracellular"
"61771","NADH2_u10m","NADH dehydrogenase, mitochondrial","(5) h[m] + nadh[m] + q10[m] --> (4) h[c] + nad[m] + q10h2[m]","Irreversible","c, m",0,1000,0,"(4715.1) and (4720.1) and (4719.1) and (55967.1) and (4700.1) and (4709.1) and (4710.1) and (4726.1) and (4696.1) and (4718.1) and (4694.1) and (374291.1) and (4728.1) and (4717.1) and (4731.1) and (4705.1) and (4725.1) and (4716.1) and (4537.1) and (4722.1) and (7991.1) and (4541.1) and (4539.1) and (4712.1) and (4707.1) and (4701.1) and (4723.1) and (4698.1) and (4538.1) and (4697.1) and (51079.1) and (4714.1) and (4704.1) and (4711.1) and (126328.1) and (4724.1) and (4713.1) and (4536.1) and (4695.1) and (4702.1) and (4708.1) and (4706.1) and (4535.1) and (4540.1) and (4729.1) or (4715.1) and (4720.1) and (4719.1) and (4700.1) and (55967.1) and (4709.1) and (4710.1) and (4726.1) and (4718.1) and (4696.1) and (4694.1) and (374291.1) and (4728.1) and (4712.2) and (4717.1) and (4705.1) and (4725.1) and (4716.1) and (4537.1) and (7991.1) and (4722.1) and (4541.1) and (4539.1) and (4707.1) and (4701.1) and (4723.1) and (4698.1) and (4538.1) and (4697.1) and (51079.1) and (4714.1) and (4704.1) and (126328.1) and (4711.1) and (4724.1) and (4713.1) and (4536.1) and (4695.1) and (4702.1) and (4708.1) and (4535.1) and (4731.2) and (4706.1) and (4729.1) and (4540.1) or (4715.1) and (4720.1) and (4719.1) and (4700.1) and (55967.1) and (4709.1) and (4710.1) and (4726.1) and (4718.1) and (4696.1) and (4694.1) and (374291.1) and (4728.1) and (7991.2) and (4717.1) and (4705.1) and (4725.1) and (4537.1) and (4716.1) and (4722.1) and (4541.1) and (4712.1) and (4539.1) and (4707.1) and (4701.1) and (4723.1) and (4698.1) and (4538.1) and (4697.1) and (51079.1) and (4714.1) and (4704.1) and (4711.1) and (126328.1) and (4724.1) and (4713.1) and (4536.1) and (4695.1) and (4702.1) and (4708.1) and (4535.1) and (4731.2) and (4706.1) and (4540.1) and (4729.1) or (4715.1) and (4720.1) and (4719.1) and (55967.1) and (4700.1) and (4709.1) and (4710.1) and (4726.1) and (4696.1) and (4718.1) and (374291.1) and (4694.1) and (4728.1) and (4712.2) and (4717.1) and (4731.1) and (4705.1) and (4725.1) and (4537.1) and (4716.1) and (4722.1) and (7991.1) and (4541.1) and (4539.1) and (4707.1) and (4701.1) and (4723.1) and (4698.1) and (4538.1) and (4697.1) and (51079.1) and (4714.1) and (4704.1) and (126328.1) and (4711.1) and (4724.1) and (4713.1) and (4536.1) and (4695.1) and (4702.1) and (4708.1) and (4535.1) and (4706.1) and (4729.1) and (4540.1) or (4715.1) and (4720.1) and (4719.1) and (55967.1) and (4700.1) and (4709.1) and (4710.1) and (4726.1) and (4696.1) and (4718.1) and (4694.1) and (374291.1) and (4728.1) and (7991.2) and (4717.1) and (4731.1) and (4705.1) and (4725.1) and (4716.1) and (4537.1) and (4722.1) and (4541.1) and (4712.1) and (4539.1) and (4707.1) and (4701.1) and (4698.1) and (4723.1) and (4538.1) and (4697.1) and (51079.1) and (4714.1) and (4704.1) and (126328.1) and (4711.1) and (4724.1) and (4536.1) and (4713.1) and (4695.1) and (4702.1) and (4708.1) and (4706.1) and (4535.1) and (4540.1) and (4729.1) or (4715.1) and (4720.1) and (4719.1) and (55967.1) and (4700.1) and (4709.1) and (4710.1) and (4726.1) and (4718.1) and (4696.1) and (374291.1) and (4694.1) and (4728.1) and (7991.2) and (4712.2) and (4717.1) and (4705.1) and (4725.1) and (4716.1) and (4537.1) and (4722.1) and (4541.1) and (4539.1) and (4707.1) and (4701.1) and (4698.1) and (4723.1) and (4538.1) and (4697.1) and (51079.1) and (4714.1) and (4704.1) and (4711.1) and (126328.1) and (4724.1) and (4536.1) and (4713.1) and (4695.1) and (4702.1) and (4708.1) and (4535.1) and (4706.1) and (4731.2) and (4540.1) and (4729.1) or (4715.1) and (4720.1) and (4719.1) and (4700.1) and (55967.1) and (4709.1) and (4710.1) and (4726.1) and (4718.1) and (4696.1) and (374291.1) and (4694.1) and (4728.1) and (4717.1) and (4705.1) and (4725.1) and (4537.1) and (4716.1) and (4722.1) and (7991.1) and (4541.1) and (4712.1) and (4539.1) and (4707.1) and (4701.1) and (4723.1) and (4698.1) and (4538.1) and (4697.1) and (51079.1) and (4714.1) and (4704.1) and (4711.1) and (126328.1) and (4724.1) and (4713.1) and (4536.1) and (4695.1) and (4702.1) and (4708.1) and (4706.1) and (4535.1) and (4731.2) and (4540.1) and (4729.1) or (4715.1) and (4720.1) and (4719.1) and (4700.1) and (55967.1) and (4709.1) and (4710.1) and (4726.1) and (4718.1) and (4696.1) and (374291.1) and (4694.1) and (4728.1) and (7991.2) and (4712.2) and (4717.1) and (4731.1) and (4705.1) and (4725.1) and (4537.1) and (4716.1) and (4722.1) and (4541.1) and (4539.1) and (4707.1) and (4701.1) and (4698.1) and (4723.1) and (4538.1) and (4697.1) and (51079.1) and (4714.1) and (4704.1) and (4711.1) and (126328.1) and (4724.1) and (4713.1) and (4536.1) and (4695.1) and (4702.1) and (4708.1) and (4706.1) and (4535.1) and (4540.1) and (4729.1)","Oxidative phosphorylation"
"61894","PYRt2m","pyruvate mitochondrial transport via proton symport","h[c] + pyr[c] <==> h[m] + pyr[m]","Reversible","c, m",-1000,1000,0,"6566.1","Transport, mitochondrial"
"63215","CYOOm3","cytochrome c oxidase, mitochondrial Complex IV","(4) focytC[m] + (7.92) h[m] + o2[m] --> (4) ficytC[m] + (1.96) h2o[m] + (4) h[c] + (0.02) o2s[m]","Irreversible","m, c",0,1000,0,"(1351.1) and (1347.1) and (1329.1) and (1327.1) and (341947.1) and (9167.1) and (1350.1) and (4512.1) and (1349.1) and (1339.1) and (1345.1) and (4513.1) and (9377.1) and (125965.1) and (4514.1) and (170712.1) and (1346.1) and (1340.1) and (84701.1) and (1337.1)","Oxidative phosphorylation"
